Position,Company,Location,URL
Senior Full Stack Engineer (Node.js, Python),Weflow,Europe Only,https://weworkremotely.com/remote-jobs/weflow-senior-full-stack-engineer-node-js-python
Senior Open Source Developer & DevOps (Python, Django, React, AWS/OpenStack),OpenCraft,Anywhere in the World,https://weworkremotely.com/remote-jobs/opencraft-senior-open-source-developer-devops-python-django-react-aws-openstack
Senior Python Engineer: Long-term job - 100% remote,Proxify AB,Anywhere in the World,https://weworkremotely.com/remote-jobs/proxify-ab-senior-python-engineer-long-term-job-100-remote
(Senior) Python Full Stack Software Developer,Optimile,Europe Only,https://weworkremotely.com/remote-jobs/optimile-senior-python-full-stack-software-developer
Python / PHP Senior Developer for Ambitious Startup,Soundsnap/ Beatopia,Europe Only,https://weworkremotely.com/remote-jobs/soundsnap-beatopia-python-php-senior-developer-for-ambitious-startup
Senior Python Developer - Full Remote ,Ebury,Latin America Only/Europe Only,https://weworkremotely.com/remote-jobs/ebury-senior-python-developer-full-remote-1
Python Developer - Remote,UpStack Technologies, Inc.,Americas Only/Europe Only,https://weworkremotely.com/remote-jobs/upstack-technologies-inc-python-developer-remote
Python Developer,Lemon.io,Latin America Only/Europe Only,https://weworkremotely.com/remote-jobs/lemon-io-python-developer-1
Senior Software Engineer, Python,AssemblyAI (YC 17),Anywhere in the World,https://weworkremotely.com/remote-jobs/assemblyai-yc-17-senior-software-engineer-python
Python Platform Engineer,Doximity,Americas Only,https://weworkremotely.com/remote-jobs/doximity-python-platform-engineer
Backend Engineer - Integrations (Python),Cerity Partners LLC,USA Only,https://weworkremotely.com/remote-jobs/cerity-partners-llc-backend-engineer-integrations-python
Senior Python Engineer,Clevertech,Anywhere in the World,https://weworkremotely.com/remote-jobs/clevertech-senior-python-engineer-4
Backend engineer - data ingestion (Python, remote),Gridium,None,https://weworkremotely.com/listings/gridium-backend-engineer-data-ingestion-python-remote-1
Software Development Engineer in Test – Python – Cyprus, Greece or Remote ,XM,Anywhere in the World,https://weworkremotely.com/remote-jobs/xm-software-development-engineer-in-test-python-cyprus-greece-or-remote-1
Senior QA Software Test Automation Engineer – Python – Cyprus, Greece, Remote ,XM,Anywhere in the World,https://weworkremotely.com/remote-jobs/xm-senior-qa-software-test-automation-engineer-python-cyprus-greece-remote-1
